mode,k,max_new_tokens,speed_ratio_case,draft_time_scale,verify_time_scale,baseline_time_sec,baseline_tps,baseline_energy_proxy_units,baseline_energy_per_token_proxy,spec_time_sec,spec_tps,acceptance_rate,avg_round_acceptance,rollback_count,baseline_fallback_steps,wasted_draft_tokens,draft_time_sec,verify_time_sec,commit_time_sec,rollback_penalty_sec,pipeline_utilization,accepted_tokens_per_round,draft_time_per_accepted_token,verify_time_per_accepted_token,wasted_draft_per_accepted_token,stall_rounds,backpressure_events,verify_bottleneck_ratio,energy_proxy_units,energy_per_token_proxy,energy_per_accepted_token_proxy,peak_speculative_tokens,peak_estimated_kv_overhead_units,speedup,output_match
adaptive_only,2,32,balanced,1.0,1.0,0.6046345001250104,53.01912689966665,0.0,0.0,0.8024576876249951,40.83246548827885,0.5500235288631525,0.570209094785575,9.5,0.0,19.25,0.4878874540000999,0.313834916500086,0.00021871887502156184,0.00012453999998163212,0.9998601568834911,1.5222404970760235,0.022322881510755233,0.014612889666552154,0.90800983436853,9.75,0.375,0.38600982802056955,0.8960973270002002,0.028003041468756255,0.04133012303031557,4.125,76032.0,0.7701448461611418,1.0
adaptive_only,2,32,fast_draft,0.7,1.0,0.6046345001250104,53.01912689966665,0.0,0.0,0.8161883541250214,40.48244727604161,0.5500235288631525,0.570209094785575,9.5,0.0,19.25,0.3467495971624837,0.32008139012504744,0.00022284462498767255,0.00012754724999930467,0.9998294053352337,1.5222404970760235,0.015935867665692386,0.014971925067356218,0.90800983436853,10.375,8.75,0.47249042491151133,0.7630848441500397,0.023846401379688742,0.03541015974784597,4.125,76032.0,0.7627935025436462,1.0
adaptive_only,2,32,slow_draft,1.3,1.0,0.6046345001250104,53.01912689966665,0.0,0.0,0.7970118438750022,41.20605889079554,0.5500235288631525,0.570209094785575,9.5,0.0,19.25,0.6295201856124121,0.31204480212509456,0.00021210412507155496,0.00012330225013457152,0.9998828236705469,1.5222404970760235,0.02880722253251377,0.014524933604619795,0.90800983436853,9.75,0.375,0.32661265592721367,1.0353989025002117,0.032356215703131616,0.04769993916635914,4.125,76032.0,0.7775251417903489,1.0
adaptive_only,2,64,balanced,1.0,1.0,1.4623396612499802,43.796769269061635,0.0,0.0,1.7393828698749978,37.77796553539844,0.6142098777486404,0.6160061588277315,14.0,0.0,33.0,1.153357357874988,0.5848415670000389,0.00036889962500019635,0.00018301650007046533,0.9999082506555178,2.1309375548286837,0.023464819266674732,0.012052792458637648,0.6869802384463279,14.25,0.25,0.33091922904322935,1.9140002729751162,0.02990625426523619,0.03914066307630249,6.0,110592.0,0.8619545447615026,1.0
adaptive_only,2,64,fast_draft,0.7,1.0,1.4623396612499802,43.796769269061635,0.0,0.0,1.7422519272500123,37.70680213286038,0.6142098777486404,0.6160061588277315,14.0,0.0,33.0,0.8086884929374799,0.5858087231249547,0.0003636827500743678,0.00018207887494181563,0.9998859809512513,2.1309375548286837,0.01645201948994226,0.012071980225138156,0.6869802384463279,14.625,9.75,0.41322033686704424,1.5705855928623866,0.02454039988847479,0.0321527431113814,6.0,110592.0,0.8603703984916385,1.0
adaptive_only,2,64,slow_draft,1.3,1.0,1.4623396612499802,43.796769269061635,0.0,0.0,1.7394520363749955,37.786215588790164,0.6142098777486404,0.6160061588277315,14.0,0.0,33.0,1.4990461882500696,0.585151015000017,0.0003707655001647936,0.00018398887501369643,0.9999229890529663,2.1309375548286837,0.030500632478498626,0.012060580152983419,0.6869802384463279,14.25,0.25,0.27608665825134693,2.2600932017126727,0.03531395627676051,0.04618663780779247,6.0,110592.0,0.8621646251762769,1.0
adaptive_only,3,32,balanced,1.0,1.0,0.6046345001250104,53.01912689966665,0.0,0.0,0.8165876874999816,40.14863464267828,0.5324273697603732,0.5621194261695907,9.5,0.0,20.625,0.5026272721250531,0.31322794337488524,0.00021247325000528505,0.0001253438750783431,0.999861879130523,1.5288194444444445,0.022986356131641506,0.01457166740910161,0.9701284977100194,9.75,0.375,0.3788126506239836,0.9100464660749922,0.028438952064843506,0.04193995122051609,4.375,80640.0,0.7575794967666167,1.0
adaptive_only,3,32,fast_draft,0.7,1.0,0.6046345001250104,53.01912689966665,0.0,0.0,0.8201178436250061,40.146801273780945,0.5324273697603732,0.5621194261695907,9.5,0.0,20.625,0.35364708356250296,0.31417290062510195,0.00021652524989757005,0.0001287248750265757,0.9998279760599706,1.5288194444444445,0.01622162224315166,0.014661588244110901,0.9701284977100194,10.625,7.5,0.4636600440145785,0.7623000618376238,0.023821876932425743,0.03529238199146514,4.375,80640.0,0.7566466985865128,1.0
adaptive_only,3,32,slow_draft,1.3,1.0,0.6046345001250104,53.01912689966665,0.0,0.0,0.8090364582500129,40.56260140782206,0.5324273697603732,0.5621194261695907,9.5,0.0,20.625,0.6473901351124745,0.31032504124999694,0.00021139937502745454,0.00012326537510354285,0.999884700346317,1.5288194444444445,0.029613858153940856,0.014437534253612216,0.9701284977100194,9.75,0.375,0.3196196753268944,1.0510328404000953,0.03284477626250298,0.048392936403837426,4.375,80640.0,0.7652568741843997,1.0
adaptive_only,3,64,balanced,1.0,1.0,1.4623396612499802,43.796769269061635,0.0,0.0,1.7520480365000086,37.509534450416375,0.6045737301433035,0.6114500048562548,14.0,0.0,34.375,1.167663547749866,0.5832028960000901,0.0003650937499628526,0.00018365162499378584,0.999908736353877,2.137254759129759,0.023760086300461874,0.012019846931026291,0.7152710546584224,14.25,0.25,0.32761307701696607,1.9261753668374615,0.030096490106835336,0.03939308280109442,6.0,110592.0,0.855808346824562,1.0
adaptive_only,3,64,fast_draft,0.7,1.0,1.4623396612499802,43.796769269061635,0.0,0.0,1.7530287865000105,37.45836293990636,0.6045737301433035,0.6114500048562548,14.0,0.0,34.375,0.8183216405874683,0.5828188382499171,0.0003657174998785706,0.0001833381251667987,0.9998864766850444,2.137254759129759,0.016647170467141335,0.0120092560533182,0.7152710546584224,14.875,8.375,0.4093039845277011,1.5763340892499953,0.024630220144531177,0.03226639840607727,6.0,110592.0,0.8546396466605851,1.0
adaptive_only,3,64,slow_draft,1.3,1.0,1.4623396612499802,43.796769269061635,0.0,0.0,1.7501385518750148,37.53787984597491,0.6045737301433035,0.6114500048562548,14.0,0.0,34.375,1.5162772993876188,0.5825758017499716,0.0003704422499026805,0.0001847872500988501,0.9999232737637715,2.137254759129759,0.030856104846761837,0.012006517051459355,0.7152710546584224,14.25,0.25,0.27310045749642436,2.2739772845376516,0.035530895070900806,0.04647184367795902,6.0,110592.0,0.8564547625671712,1.0
adaptive_only,4,32,balanced,1.0,1.0,0.6046345001250104,53.01912689966665,0.0,0.0,0.8099712709999594,40.36064887290428,0.5199869356663782,0.5569613962319071,9.5,0.0,21.5,0.5115833432499515,0.2977017497500327,0.0002034423749499581,0.000118442499996263,0.9998673265123775,1.617490936995581,0.023415080452242457,0.013877202440786305,1.010244329945417,9.75,0.375,0.36291016612145865,0.8988072816249699,0.02808772755078031,0.041465377132886484,4.625,85248.0,0.7611030248186528,1.0
adaptive_only,4,32,fast_draft,0.7,1.0,0.6046345001250104,53.01912689966665,0.0,0.0,0.8405962758750116,39.48968791157345,0.5199869356663782,0.5569613962319071,9.5,0.0,21.5,0.3739338860250251,0.3056747246250384,0.00021215675006391876,0.00013254237513526945,0.9998270644474465,1.617490936995581,0.017199384361202656,0.01428331894798732,1.010244329945417,10.125,5.625,0.4442322557940156,0.7715416873502494,0.024110677729695294,0.03577857178575666,4.625,85248.0,0.7445796928666413,1.0
adaptive_only,4,32,slow_draft,1.3,1.0,0.6046345001250104,53.01912689966665,0.0,0.0,0.8100166872499859,40.37411918564978,0.5199869356663782,0.5569613962319071,9.5,0.0,21.5,0.6651339591000095,0.2976869270000151,0.00020182800002377377,0.00011689625006461313,0.9998896099841849,1.617490936995581,0.03041692828942692,0.013865992083370495,1.010244329945417,9.75,0.375,0.3050082851154797,1.0523362812751098,0.03288550878984718,0.048452508442676366,4.625,85248.0,0.7613010336683371,1.0
adaptive_only,4,64,balanced,1.0,1.0,1.4623396612499802,43.796769269061635,0.0,0.0,1.7500918021250005,37.46286384173885,0.5972600086355824,0.6096703523966455,14.0,0.0,35.25,1.1796532231250936,0.5692945101249673,0.00035742224986279325,0.0001780306249248298,0.9999111331828017,2.2046986777590227,0.024000131102315747,0.011725326900031495,0.7321978251378337,14.25,0.25,0.32072116543274376,1.9200748888749135,0.030001170138670524,0.039250062817692846,6.0,110592.0,0.8548550541123074,1.0
adaptive_only,4,64,fast_draft,0.7,1.0,1.4623396612499802,43.796769269061635,0.0,0.0,1.7550947498750098,37.36526599002073,0.5972600086355824,0.6096703523966455,14.0,0.0,35.25,0.8279304243875054,0.5711812183749068,0.0003594481250139836,0.0001778496249631445,0.9998890565760643,2.2046986777590227,0.01684685417907067,0.011769048852408943,0.7321978251378337,15.0,6.5,0.4019209039534638,1.5708054221123493,0.024543834720505458,0.03215363832439747,6.0,110592.0,0.8526896068479822,1.0
adaptive_only,4,64,slow_draft,1.3,1.0,1.4623396612499802,43.796769269061635,0.0,0.0,1.935763619750027,35.347587042014176,0.5972600086355824,0.6096703523966455,14.0,0.0,35.25,1.6966740708124608,0.6293310107499117,0.0003995937499894353,0.00020169687511639722,0.9999237366061197,2.2046986777590227,0.034555660983972454,0.012964645153242683,0.7321978251378337,14.125,0.25,0.26687195602839703,2.51518608884997,0.03929978263828078,0.051417602367106456,6.0,110592.0,0.8069107973897419,1.0
adaptive_only,6,32,balanced,1.0,1.0,0.6046345001250104,53.01912689966665,0.0,0.0,0.8606083231249961,38.151938362355736,0.4573732550463677,0.5098578093518109,9.5,0.0,27.75,0.5760775742499469,0.2838867701249459,0.0001869685000057686,0.00011564574999045618,0.9998778664394752,1.7982179713990858,0.02635797061575791,0.013287044537168264,1.296930092854006,9.75,0.375,0.3240763774146549,0.9453323731373683,0.02954163666054276,0.043640621274851084,6.25,115200.0,0.7200329059447427,1.0
adaptive_only,6,32,fast_draft,0.7,1.0,0.6046345001250104,53.01912689966665,0.0,0.0,0.8726770467499905,37.77772862772884,0.4573732550463677,0.5098578093518109,9.5,0.0,27.75,0.40896083637499503,0.28779075537488596,0.0001894894999292518,0.00011718650010150711,0.9998479932723029,1.7982179713990858,0.018726456506372786,0.013465910872115804,1.296930092854006,10.25,4.125,0.40578959935238224,0.7832935193124301,0.02447792247851344,0.03624174176802278,6.25,115200.0,0.7133738879201057,1.0
adaptive_only,6,32,slow_draft,1.3,1.0,0.6046345001250104,53.01912689966665,0.0,0.0,0.8580319686249984,38.289697334671864,0.4573732550463677,0.5098578093518109,9.5,0.0,27.75,0.7463307941375414,0.2832841981249583,0.0001870937499219849,0.00011686999999493963,0.9998967059709852,1.7982179713990858,0.034139735800033134,0.013247549252185955,1.296930092854006,9.75,0.375,0.2703884009007613,1.1148036461999504,0.03483761394374845,0.051371106655999775,6.25,115200.0,0.7226389982258306,1.0
adaptive_only,6,64,balanced,1.0,1.0,1.4623396612499802,43.796769269061635,0.0,0.0,1.7992327135000181,36.534891431390406,0.5570102162159871,0.5843883026695527,14.0,0.0,41.5,1.242817676999934,0.555306291374956,0.0003419328748588413,0.00017529787506198602,0.9999144207570473,2.3639799783549784,0.02528786300722552,0.01146273316424622,0.8595811113280819,14.25,0.25,0.3030024301060593,1.9650454565998885,0.030703835259373258,0.04019624303661192,6.375,117504.0,0.8338259246787337,1.0
adaptive_only,6,64,fast_draft,0.7,1.0,1.4623396612499802,43.796769269061635,0.0,0.0,1.8026845311250064,36.460524813278994,0.5570102162159871,0.5843883026695527,14.0,0.0,41.5,0.8714011568499955,0.5567197821250307,0.0003400471250536441,0.000174798374954932,0.9998927799618629,2.3639799783549784,0.017730630846198702,0.011493975400723909,0.8595811113280819,14.625,4.875,0.3822851192877152,1.5954651706750074,0.02492914329179699,0.032679597905786645,6.375,117504.0,0.8321735896639533,1.0
adaptive_only,6,64,slow_draft,1.3,1.0,1.4623396612499802,43.796769269061635,0.0,0.0,1.8155779583750267,36.23105863415183,0.5570102162159871,0.5843883026695527,14.0,0.0,41.5,1.6298685758874578,0.5607136661249399,0.00034268237496704046,0.00017733325009672285,0.9999284909024417,2.3639799783549784,0.03315932019191569,0.011573926252892181,0.8595811113280819,14.25,0.25,0.25117862031757643,2.359128481374973,0.03686138252148395,0.048212303525289546,6.375,117504.0,0.8269488021353124,1.0
category_only,2,32,balanced,1.0,1.0,0.6046345001250104,53.01912689966665,0.0,0.0,0.8426178279999803,38.90566868535259,0.5262306778791425,0.5335193452380953,9.5,0.0,22.125,0.5207740872498685,0.3211014215000212,0.0002128062500617034,0.00013192150001328784,0.9998583787331186,1.5043154761904762,0.023980453560937934,0.01486883871038549,1.0502774248698161,9.875,0.5,0.3814077014700405,0.9384361713499354,0.02932613035468548,0.04332070490442509,3.0,55296.0,0.7323063688403106,1.0
category_only,2,32,fast_draft,0.7,1.0,0.6046345001250104,53.01912689966665,0.0,0.0,0.8564327500000173,38.704903912459834,0.5262306778791425,0.5335193452380953,9.5,0.0,22.125,0.37219671203753996,0.3239660567498892,0.00022057199995018095,0.00013294725007551023,0.9998292134388643,1.5043154761904762,0.017229582328785978,0.015037147111929116,1.0502774248698161,10.375,10.375,0.4650243560744691,0.7935870565874591,0.024799595518358097,0.036788846232561095,3.0,55296.0,0.7280330685922247,1.0
category_only,2,32,slow_draft,1.3,1.0,0.6046345001250104,53.01912689966665,0.0,0.0,0.836332463749982,39.150709586652084,0.5262306778791425,0.5335193452380953,9.5,0.0,22.125,0.6710380017250233,0.3194228646249826,0.00020893749997341615,0.00013046775007019562,0.9998803608422396,1.5043154761904762,0.03087157444383918,0.014778485572100857,1.0502774248698161,9.875,0.5,0.32298154453258127,1.0865148152625672,0.033953587976955225,0.050094163112565454,3.0,55296.0,0.7372298405223875,1.0
category_only,2,64,balanced,1.0,1.0,1.4623396612499802,43.796769269061635,0.0,0.0,1.7973601353749924,36.19972690914644,0.6312252424482288,0.6366504838955497,14.0,0.0,31.25,1.1062215784999108,0.6898027195000189,0.0004223072499556224,0.00019589037508005447,0.9999065990416761,1.8439606900133216,0.02249535285920608,0.014133510522008778,0.6517127409188338,14.25,0.25,0.37925224298145693,2.0033495161625057,0.03130233619003915,0.04087683679066233,3.0,55296.0,0.8260057018137986,1.0
category_only,2,64,fast_draft,0.7,1.0,1.4623396612499802,43.796769269061635,0.0,0.0,1.7988372656249938,36.16871165601855,0.6312252424482288,0.6366504838955497,14.0,0.0,31.25,0.775593149975013,0.6895161624999311,0.0004213634999787885,0.00019458837513042226,0.9998866868637813,1.8439606900133216,0.01577126769692298,0.014128821690997403,0.6517127409188338,16.125,19.25,0.4633444508922199,1.6723467538375585,0.02613041802871185,0.03414662049247767,3.0,55296.0,0.8253151985876647,1.0
category_only,2,64,slow_draft,1.3,1.0,1.4623396612499802,43.796769269061635,0.0,0.0,1.8125099270000096,35.99594339849611,0.6312252424482288,0.6366504838955497,14.0,0.0,31.25,1.4529839467000858,0.6934685524999686,0.00043026024996883905,0.0001989382500724446,0.9999203966330428,1.8439606900133216,0.029580207351228224,0.014219539455397029,0.6517127409188338,14.25,0.25,0.32068987112582187,2.354884001125112,0.03679506251757988,0.04807367200853878,3.0,55296.0,0.8213845682420162,1.0
category_only,3,32,balanced,1.0,1.0,0.6046345001250104,53.01912689966665,0.0,0.0,0.8415206093750034,38.83998715279489,0.5262306778791425,0.5335193452380953,9.5,0.0,22.125,0.5198101241251072,0.3209751043750124,0.00021076987493939825,0.00012968199989504825,0.9998604107902558,1.5043154761904762,0.02390200294409008,0.01484310163399693,1.0502774248698161,9.875,0.5,0.38110866621672834,0.9373047179624836,0.029290772436327613,0.04320859796172292,3.0,55296.0,0.7314437603188029,1.0
category_only,3,32,fast_draft,0.7,1.0,0.6046345001250104,53.01912689966665,0.0,0.0,0.8521243852499956,38.60268813308931,0.5262306778791425,0.5335193452380953,9.5,0.0,22.125,0.36890748824995134,0.3243601927500046,0.00021684374992125832,0.0001347866249430396,0.9998240846612901,1.5043154761904762,0.01702230349155238,0.0150318996036845,1.0502774248698161,10.375,10.375,0.465638105889484,0.7908107416123632,0.02471283567538635,0.036574730116302384,3.0,55296.0,0.7263381569617454,1.0
category_only,3,32,slow_draft,1.3,1.0,0.6046345001250104,53.01912689966665,0.0,0.0,0.8386395312500134,39.065808226241344,0.5262306778791425,0.5335193452380953,9.5,0.0,22.125,0.67316720412489,0.32008424624997556,0.0002093025002087856,0.0001319066250111689,0.9998796480076397,1.5043154761904762,0.03098226553448614,0.014809933096321518,1.0502774248698161,9.75,0.5,0.32283442322366035,1.089505542537454,0.03404704820429544,0.050245841510080116,3.0,55296.0,0.7355827152775135,1.0
category_only,3,64,balanced,1.0,1.0,1.4623396612499802,43.796769269061635,0.0,0.0,1.795296635500014,36.25254450084802,0.6312252424482288,0.6366504838955497,14.0,0.0,31.25,1.1059533895001739,0.6880054833749867,0.00042278124996997235,0.0001974629999779154,0.9999059327869267,1.8439606900133216,0.02249201407462877,0.014098914168058283,0.6517127409188338,14.25,0.25,0.3786837548534796,2.0007468396876202,0.031261669370119066,0.04082856819725845,3.0,55296.0,0.8271910633125247,1.0
category_only,3,64,fast_draft,0.7,1.0,1.4623396612499802,43.796769269061635,0.0,0.0,1.8000696875000042,36.15547795397961,0.6312252424482288,0.6366504838955497,14.0,0.0,31.25,0.7756578125624899,0.6906381711249807,0.00042963950007468554,0.00019725587525343258,0.9998852254680424,1.8439606900133216,0.015773410695743395,0.014151981911416268,0.6517127409188338,16.375,19.25,0.4635274794013957,1.6738762722877736,0.026154316754496462,0.034179000375158426,3.0,55296.0,0.824979929637599,1.0
category_only,3,64,slow_draft,1.3,1.0,1.4623396612499802,43.796769269061635,0.0,0.0,1.833914369875007,35.60832268972983,0.6312252424482288,0.6366504838955497,14.0,0.0,31.25,1.47583770278727,0.6972759898750311,0.000436431874849319,0.00020352112493426944,0.9999196313972798,1.8439606900133216,0.030050060753840476,0.01429954660360802,0.6517127409188338,14.25,0.25,0.31918845659268463,2.382694935612178,0.03722960836894028,0.048647698602751546,3.0,55296.0,0.812597006490898,1.0
category_only,4,32,balanced,1.0,1.0,0.6046345001250104,53.01912689966665,0.0,0.0,0.8376923228749864,39.079188768195905,0.5262306778791425,0.5335193452380953,9.5,0.0,22.125,0.5170701727501017,0.319890417124995,0.0002085571250236562,0.00013181800000650057,0.9998582352757168,1.5043154761904762,0.023789552021929544,0.01479929934081652,1.0502774248698161,9.875,0.5,0.3813256117187195,0.9331561376626119,0.02916112930195662,0.04303928088849018,3.0,55296.0,0.7359185644585902,1.0
category_only,4,32,fast_draft,0.7,1.0,0.6046345001250104,53.01912689966665,0.0,0.0,0.8507987342499663,38.59261413705934,0.5262306778791425,0.5335193452380953,9.5,0.0,22.125,0.3673087758375674,0.32531326099995805,0.00021681712506582684,0.00013453650002182016,0.999825834043395,1.5043154761904762,0.016924533912829505,0.015078142830793815,1.0502774248698161,10.875,10.375,0.46655917254285634,0.7904507321375632,0.02470158537929885,0.03653706302114685,3.0,55296.0,0.7264029556374739,1.0
category_only,4,32,slow_draft,1.3,1.0,0.6046345001250104,53.01912689966665,0.0,0.0,0.8421125467500117,38.901817347659176,0.5262306778791425,0.5335193452380953,9.5,0.0,22.125,0.6746873173624778,0.322381687750128,0.00021103724993842832,0.00013296412507735056,0.9998793196941518,1.5043154761904762,0.031038907617714308,0.014914869722903571,1.0502774248698161,9.875,0.5,0.32326468818292287,1.0940141868752047,0.034187943339850146,0.05043898020929187,3.0,55296.0,0.7325664439143503,1.0
category_only,4,64,balanced,1.0,1.0,1.4623396612499802,43.796769269061635,0.0,0.0,1.7977709792500232,36.20511989910976,0.6312252424482288,0.6366504838955497,14.0,0.0,31.25,1.1068227241250987,0.6896001656250075,0.0004262916251001059,0.00019914037515178507,0.9999053294328234,1.8439606900133216,0.02251084549126796,0.014131803670401821,0.6517127409188338,14.25,0.375,0.37906664054944506,2.0036925105003154,0.03130769547656743,0.040890222084324156,3.0,55296.0,0.8261261995296598,1.0
category_only,4,64,fast_draft,0.7,1.0,1.4623396612499802,43.796769269061635,0.0,0.0,1.8033980782499928,36.09672293433997,0.6312252424482288,0.6366504838955497,14.0,0.0,31.25,0.7774847838626261,0.6913527912499209,0.0004296396249596768,0.00019642275010411936,0.9998858969599785,1.8439606900133216,0.015815125800393785,0.014167305067443207,0.6517127409188338,15.875,19.25,0.46362596025707703,1.6766313333626215,0.02619736458379096,0.03424061906644581,3.0,55296.0,0.8236711093424792,1.0
category_only,4,64,slow_draft,1.3,1.0,1.4623396612499802,43.796769269061635,0.0,0.0,1.8181228073750049,35.84160959830232,0.6312252424482288,0.6366504838955497,14.0,0.0,31.25,1.457988546625056,0.6952177391250309,0.0004345364997249135,0.00020387987506254035,0.9999188593030471,1.8439606900133216,0.029653168235692022,0.014246427723706635,0.6517127409188338,14.25,0.25,0.3206814603775801,2.362169689950055,0.03690890140546961,0.048181731485295365,3.0,55296.0,0.8178468937882386,1.0
category_only,6,32,balanced,1.0,1.0,0.6046345001250104,53.01912689966665,0.0,0.0,0.8413098281250138,38.91343374099617,0.5262306778791425,0.5335193452380953,9.5,0.0,22.125,0.5186608074999031,0.3219051239999642,0.00021576625004193772,0.00013126087506343254,0.9998590173585928,1.5043154761904762,0.023864335735343998,0.014892661521416354,1.0502774248698161,9.875,0.5,0.381743140164633,0.9373681621624431,0.029292755067576347,0.04323554630029312,3.0,55296.0,0.7327618024197192,1.0
category_only,6,32,fast_draft,0.7,1.0,0.6046345001250104,53.01912689966665,0.0,0.0,0.8470707864999931,38.74126451250678,0.5262306778791425,0.5335193452380953,9.5,0.0,22.125,0.3657964005499925,0.3237357969998995,0.00022497412513633464,0.00013428600000864321,0.9998253801654869,1.5043154761904762,0.01685460198946217,0.014998659815376326,1.0502774248698161,10.375,10.25,0.466155729621364,0.7868906408999259,0.024590332528122684,0.036363958354987194,3.0,55296.0,0.7292720107828443,1.0
category_only,6,32,slow_draft,1.3,1.0,0.6046345001250104,53.01912689966665,0.0,0.0,0.8358177865000309,39.13922782159315,0.5262306778791425,0.5335193452380953,9.5,0.0,22.125,0.670815810112482,0.3190662194999998,0.00021529699995515017,0.00013220325003082678,0.9998790587617256,1.5043154761904762,0.030843798574350798,0.01475586853190695,1.0502774248698161,9.875,0.5,0.32280928288719485,1.0858334378374979,0.03393229493242181,0.05003720871814214,3.0,55296.0,0.7370786911885749,1.0
category_only,6,64,balanced,1.0,1.0,1.4623396612499802,43.796769269061635,0.0,0.0,1.7954523128750157,36.235793974934126,0.6312252424482288,0.6366504838955497,14.0,0.0,31.25,1.1054181712499709,0.6886875144999767,0.0004269992499921216,0.00019697925004891204,0.9999060141997418,1.8439606900133216,0.022479243784612003,0.014110160544684993,0.6517127409188338,14.25,0.25,0.3791089447760486,2.0010994169749914,0.03126717839023424,0.04083043693655902,3.0,55296.0,0.8268094365930235,1.0
category_only,6,64,fast_draft,0.7,1.0,1.4623396612499802,43.796769269061635,0.0,0.0,1.7962895833749997,36.22688651568286,0.6312252424482288,0.6366504838955497,14.0,0.0,31.25,0.7744215207750654,0.6886248752500741,0.00042741999985196344,0.00019679687504137178,0.9998854069593622,1.8439606900133216,0.01574889509081421,0.014110659911796889,0.6517127409188338,15.625,19.25,0.4632785994444238,1.670021303162648,0.026094082861916376,0.03410074055586386,3.0,55296.0,0.8266136333758061,1.0
category_only,6,64,slow_draft,1.3,1.0,1.4623396612499802,43.796769269061635,0.0,0.0,1.8436735104999968,35.438325364322104,0.6312252424482288,0.6366504838955497,14.0,0.0,31.25,1.4776645679250724,0.7056279834999302,0.00044330737481246274,0.00020302775011060703,0.9999205157152778,1.8439606900133216,0.030056980231270475,0.014463326560410583,0.6517127409188338,14.25,0.25,0.32139546664888147,2.3953815999500283,0.03742783749921919,0.048867561152342746,3.0,55296.0,0.808620999043332,1.0
fixed,2,32,balanced,1.0,1.0,0.6046345001250104,53.01912689966665,0.0,0.0,0.8386890000000133,38.38415225784746,0.5906877024533522,0.593110533687159,9.5,0.0,16.0,0.456604745250099,0.38119730749989555,0.0002597491250022621,0.0001518440000758403,0.9998373669623363,1.1680663054695564,0.020852639735139306,0.01739821599881608,0.7543988016814104,9.875,0.625,0.4547719751662341,0.9524321730500476,0.029763505407813987,0.04348283054713642,2.0,36864.0,0.7238516701094879,1.0
fixed,2,32,fast_draft,0.7,1.0,0.6046345001250104,53.01912689966665,0.0,0.0,0.8342336508750116,38.67955470934625,0.5906877024533522,0.593110533687159,9.5,0.0,16.0,0.3221706544875284,0.37311527612506523,0.00025169862492313566,0.00015033324992408392,0.9998071904746173,1.1680663054695564,0.014683188481461312,0.017038521074738466,0.7543988016814104,11.375,19.375,0.5369533500458787,0.8074865594749989,0.025233954983593716,0.03684552001087438,2.0,36864.0,0.7291870311808,1.0
fixed,2,32,slow_draft,1.3,1.0,0.6046345001250104,53.01912689966665,0.0,0.0,0.8221364272499976,39.14417751142887,0.5906877024533522,0.593110533687159,9.5,0.0,16.0,0.5814375531251373,0.37402816674999695,0.0002489212500327298,0.00014448937480882051,0.9998654713624852,1.1680663054695564,0.026523801037150085,0.017067457268203717,0.7543988016814104,9.875,0.5,0.39117958065017366,1.0679326767124362,0.03337289614726363,0.04872341283335063,2.0,36864.0,0.7387931261727544,1.0
fixed,2,64,balanced,1.0,1.0,1.4623396612499802,43.796769269061635,0.0,0.0,1.852237203250013,34.679403616622054,0.6877722306165844,0.6891025937078569,14.0,0.0,23.25,1.0092298547500569,0.8413864040001275,0.0005262866251065645,0.0002210407500466971,0.9998992595187868,1.3717907137315033,0.020464153781908113,0.017067431355294913,0.4847846793716343,14.25,0.25,0.454431391835086,2.103485839425317,0.032866966241020576,0.042661086763980456,2.0,36864.0,0.7916370400573002,1.0
fixed,2,64,fast_draft,0.7,1.0,1.4623396612499802,43.796769269061635,0.0,0.0,1.856936885374994,34.60913628186554,0.6877722306165844,0.6891025937078569,14.0,0.0,23.25,0.7080547938625226,0.8438085938752007,0.0005240461250739514,0.00022187524992123286,0.9998801901127699,1.3717907137315033,0.014361603953017284,0.017121379075724887,0.4847846793716343,19.125,36.75,0.5434679410107268,1.8054596471252264,0.028210306986331663,0.03662867607017358,2.0,36864.0,0.7899772220685606,1.0
fixed,2,64,slow_draft,1.3,1.0,1.4623396612499802,43.796769269061635,0.0,0.0,1.851212041624981,34.70912690872272,0.6877722306165844,0.6891025937078569,14.0,0.0,23.25,1.3111887346999946,0.8409860717499829,0.0005254169999986402,0.0002213753750286429,0.9999131428024389,1.3717907137315033,0.026593565022421273,0.01706229992641791,0.4847846793716343,14.25,0.25,0.3905924156283114,2.4049243076875033,0.03757694230761724,0.04878383400104268,2.0,36864.0,0.7922925384747319,1.0
fixed,3,32,balanced,1.0,1.0,0.6046345001250104,53.01912689966665,0.0,0.0,0.7976425572499952,40.862950991107155,0.5437067385616217,0.5489423974718093,9.5,0.0,19.875,0.5048214904999333,0.2921242915000444,0.00021524499999348023,0.00011471412501107281,0.9998694653556397,1.5822048049989226,0.02325092358934932,0.013464819065670751,0.9440021331325679,9.875,0.625,0.3662561628609654,0.8847953529875006,0.027649854780859393,0.04076512093961549,3.0,55296.0,0.7708381581705449,1.0
fixed,3,32,fast_draft,0.7,1.0,0.6046345001250104,53.01912689966665,0.0,0.0,0.7841604842500183,41.58664969169255,0.5437067385616217,0.5489423974718093,9.5,0.0,19.875,0.34719023255002324,0.2874967859999633,0.00020977599995330998,0.00011116687491097288,0.9998407509876694,1.5822048049989226,0.01599338335106826,0.013274503057029211,0.9440021331325679,9.875,0.875,0.45227670530274855,0.721142248312359,0.022535695259761217,0.03325984614796872,3.0,55296.0,0.783708638556481,1.0
fixed,3,32,slow_draft,1.3,1.0,0.6046345001250104,53.01912689966665,0.0,0.0,0.7737692758749901,41.919204209438675,0.5437067385616217,0.5489423974718093,9.5,0.0,19.875,0.6366357348000602,0.28338995325000926,0.00020104675010479411,0.00010996362505366619,0.9998911337027142,1.5822048049989226,0.029233500779674723,0.013040927477709324,0.9440021331325679,9.875,0.625,0.30759468779572385,1.0052440527126731,0.031413876647271036,0.046196061642515406,3.0,55296.0,0.790626025507322,1.0
fixed,3,64,balanced,1.0,1.0,1.4623396612499802,43.796769269061635,0.0,0.0,1.7451245364999952,37.037459473294675,0.6293000863234129,0.6336706118496676,14.0,0.0,30.75,1.1099094579998958,0.6339675207499376,0.00040254124986383033,0.00017686962511298532,0.9999117619231999,1.8589156707144083,0.022576791055036217,0.012903877209185542,0.6415596941132893,14.375,0.375,0.3632673123095067,1.9344228080623846,0.03022535637597476,0.03935912246824681,3.0,55296.0,0.845359008511683,1.0
fixed,3,64,fast_draft,0.7,1.0,1.4623396612499802,43.796769269061635,0.0,0.0,1.7525446561249867,36.87090206735757,0.6293000863234129,0.6336706118496676,14.0,0.0,30.75,0.780205084224943,0.63671433287504,0.0004067024999701019,0.0001761777499131867,0.99989188718284,1.8589156707144083,0.015868586827266964,0.012958958095980064,0.6415596941132893,14.375,1.0,0.44901543077159706,1.6082901934873874,0.02512953427324043,0.032722545797201685,3.0,55296.0,0.8415555025479038,1.0
fixed,3,64,slow_draft,1.3,1.0,1.4623396612499802,43.796769269061635,0.0,0.0,1.7660427552499698,36.61264109876709,0.6293000863234129,0.6336706118496676,14.0,0.0,30.75,1.4630837417623397,0.6393123858750371,0.0004166969999985781,0.0001789472499709177,0.9999261784468731,1.8589156707144083,0.029775595165337974,0.013017446164660669,0.6415596941132893,14.25,0.375,0.3038690412559126,2.2945533641748552,0.03585239631523211,0.046705738656177796,3.0,55296.0,0.8357164956516382,1.0
fixed,4,32,balanced,1.0,1.0,0.6046345001250104,53.01912689966665,0.0,0.0,0.8357728853750017,39.13253852834983,0.4707044160141713,0.47990785256410257,9.5,0.0,27.125,0.5789673331249205,0.2562070890000343,0.00017437487492077963,0.00011035887506904984,0.9998768599217766,1.7913804945054945,0.026724566160318975,0.011807183829437698,1.2864787235711148,9.875,0.5,0.3070606571122708,0.9122276935375094,0.02850711542304717,0.04208280281087872,4.0,73728.0,0.7368673975981145,1.0
fixed,4,32,fast_draft,0.7,1.0,0.6046345001250104,53.01912689966665,0.0,0.0,0.8451354582500152,38.461785459187524,0.4707044160141713,0.47990785256410257,9.5,0.0,27.125,0.41053954033757195,0.2580360635000618,0.0001788430000577712,0.00011178137503398133,0.9998426514729342,1.7913804945054945,0.01888575013420297,0.011865343162104882,1.2864787235711148,9.875,0.875,0.38606096669150036,0.7461809196002128,0.02331815373750665,0.03431969541204212,4.0,73728.0,0.7240980200532203,1.0
fixed,4,32,slow_draft,1.3,1.0,0.6046345001250104,53.01912689966665,0.0,0.0,0.8356981511250092,39.12119418868095,0.4707044160141713,0.47990785256410257,9.5,0.0,27.125,0.7530934324874854,0.2557928126249944,0.0001734686249719175,0.00011122375005800933,0.9998971263053444,1.7913804945054945,0.03473185814804657,0.011781292724645107,1.2864787235711148,9.875,0.5,0.2537956493780887,1.0858158224750307,0.03393174445234471,0.050056456664836074,4.0,73728.0,0.7365950265288099,1.0
fixed,4,64,balanced,1.0,1.0,1.4623396612499802,43.796769269061635,0.0,0.0,1.7571417498750073,36.95460965958916,0.5702902229768452,0.5763587544701675,14.0,0.0,39.875,1.2244531311249425,0.5316159162499456,0.0003289791249976304,0.0001698433750085826,0.9999132604248857,2.2289721751678275,0.024959864291254887,0.010841765373239066,0.8307865832217124,14.25,0.25,0.30259457823974967,1.9158722416123803,0.029935503775193443,0.039060703359512186,4.0,73728.0,0.8436124370210142,1.0
fixed,4,64,fast_draft,0.7,1.0,1.4623396612499802,43.796769269061635,0.0,0.0,1.7627547393750103,36.84534025742465,0.5702902229768452,0.5763587544701675,14.0,0.0,39.875,0.8591254151375146,0.5343635575000025,0.00033266737498927057,0.0001691298749921799,0.9998910519707366,2.2289721751678275,0.01751380007570534,0.010899790418376902,0.8307865832217124,14.375,0.875,0.383244470907766,1.554117149700005,0.02428308046406258,0.031690085684004665,4.0,73728.0,0.8411405147836479,1.0
fixed,4,64,slow_draft,1.3,1.0,1.4623396612499802,43.796769269061635,0.0,0.0,1.8087487760000016,36.147363505168414,0.5702902229768452,0.5763587544701675,14.0,0.0,39.875,1.6383728557625912,0.5473422597499287,0.00034801049980970333,0.00017649024992394402,0.9999281107101992,2.2289721751678275,0.03345488822991552,0.011178626215888847,0.8307865832217124,14.125,0.125,0.2503905218027238,2.3502511369123384,0.03672267401425529,0.04799397560952201,4.0,73728.0,0.8252937592489465,1.0
fixed,6,32,balanced,1.0,1.0,0.6046345001250104,53.01912689966665,0.0,0.0,0.9571008646250059,35.21128547495608,0.38388685239332504,0.3992993117993118,9.5,0.0,40.375,0.7313276562500297,0.22524791200001548,0.00015430212499278895,9.580225000771492e-05,0.9999053624607948,2.181052281052281,0.03405203865273122,0.010485904512855687,1.9217118780977476,9.75,0.375,0.2352093650084679,1.0243170451750554,0.03200990766172048,0.04769155647541347,6.0,110592.0,0.6622051046403824,1.0
fixed,6,32,fast_draft,0.7,1.0,0.6046345001250104,53.01912689966665,0.0,0.0,0.962158588499991,35.18248251890516,0.38388685239332504,0.3992993117993118,9.5,0.0,40.375,0.5145399222249514,0.2265701772499722,0.0001567500001020683,9.648437503884111e-05,0.9998760410811447,2.181052281052281,0.02397930020831493,0.010553953573289159,1.9217118780977476,9.75,0.5,0.3054030233656726,0.8092499854624988,0.025289062045703088,0.037707341673310656,6.0,110592.0,0.661541383415085,1.0
fixed,6,32,slow_draft,1.3,1.0,0.6046345001250104,53.01912689966665,0.0,0.0,0.954273874750001,35.3021830553013,0.38388685239332504,0.3992993117993118,9.5,0.0,40.375,0.9476228055124353,0.22481245812495576,0.000154062750057804,9.503712500613659e-05,0.9999229879664037,2.181052281052281,0.04411617501497169,0.010460594408707906,1.9217118780977476,9.75,0.375,0.19160742558773408,1.2400451670124077,0.03875141146913774,0.05772272854047913,6.0,110592.0,0.6639433810522511,1.0
fixed,6,64,balanced,1.0,1.0,1.4623396612499802,43.796769269061635,0.0,0.0,1.9527464217499766,33.81701639764926,0.47357863049615295,0.4833234726541363,14.0,0.0,60.625,1.4965381466248573,0.455301078999959,0.0002817023749557279,0.00014777600013182735,0.9999312269697307,2.724329811429354,0.030629529605492888,0.00932877120937934,1.2628118042000602,14.25,0.25,0.2329254477627314,2.088704783874931,0.0326360122480458,0.04276260668640803,6.0,110592.0,0.7716764299818146,1.0
fixed,6,64,fast_draft,0.7,1.0,1.4623396612499802,43.796769269061635,0.0,0.0,1.9549471873750122,33.79238195760704,0.47357863049615295,0.4833234726541363,14.0,0.0,60.625,1.0489226415500117,0.45557385937510375,0.0002839913750385392,0.00014928162510585707,0.9999098264901488,2.724329811429354,0.021471354423882656,0.009335604696609918,1.2628118042000602,14.25,0.875,0.30236661892320815,1.6414464650752785,0.025647601016801226,0.033613368383869885,6.0,110592.0,0.7711163680406328,1.0
fixed,6,64,slow_draft,1.3,1.0,1.4623396612499802,43.796769269061635,0.0,0.0,1.9824988959999956,33.36686309034542,0.47357863049615295,0.4833234726541363,14.0,0.0,60.625,1.9790181794500123,0.45925513049989064,0.0002864380000389133,0.0001489997499639628,0.9999442093656968,2.724329811429354,0.04050779121255601,0.009410567989829685,1.2628118042000602,14.25,0.25,0.1881294991598453,2.576328324024846,0.040255130062888216,0.052747271982377705,6.0,110592.0,0.7614516746852099,1.0
hybrid_category,2,32,balanced,1.0,1.0,0.6046345001250104,53.01912689966665,0.0,0.0,0.671034968874995,47.94429285645361,0.19879201680672268,0.2144097222222222,1.5,28.5,4.25,0.060691395624951294,0.6092765406249203,0.000505219000058954,1.8640500047073516e-05,0.9999728776275078,0.07173782835629332,0.013068770047604436,0.12864583800356477,0.8452380952380952,1.5,28.5,0.9078181771606078,0.8529734905874231,0.026655421580856972,0.19383225285226793,3.375,62208.0,0.9065049004766456,1.0
hybrid_category,2,32,fast_draft,0.7,1.0,0.6046345001250104,53.01912689966665,0.0,0.0,0.6534526354999968,49.19505431523236,0.19879201680672268,0.2144097222222222,1.5,28.5,4.25,0.04667715937502867,0.5857092654998353,0.0005018642499550197,2.0343874986394894e-05,0.9999689278040448,0.07173782835629332,0.010232154770842161,0.12996585693925494,0.8452380952380952,1.5,29.125,0.9267687207200589,0.8083223284872816,0.02526007276522755,0.19142677481473244,3.375,62208.0,0.9278570377881044,1.0
hybrid_category,2,32,slow_draft,1.3,1.0,0.6046345001250104,53.01912689966665,0.0,0.0,0.6367419374999903,50.35119260404243,0.19879201680672268,0.2144097222222222,1.5,28.5,4.25,0.07846818963752229,0.5753647337500816,0.00047835875001212,1.928124996997127e-05,0.9999718885489166,0.07173782835629332,0.01680280526940898,0.12086801074286488,0.8452380952380952,1.5,28.5,0.8836648065095394,0.8266548963876001,0.025832965512112505,0.18651997979261067,3.375,62208.0,0.9503159742884048,1.0
hybrid_category,2,64,balanced,1.0,1.0,1.4623396612499802,43.796769269061635,0.0,0.0,1.491702093625042,42.93245306049227,0.19879201680672268,0.2144097222222222,1.5,60.5,4.25,0.06057200012502051,1.4290394736250818,0.0010105833749918247,1.9146125076474618e-05,0.9999876193927836,0.033364622616797165,0.012836675864292872,0.29952865593098205,0.8452380952380952,1.5,60.5,0.9590731411150477,1.9187486099252078,0.029980447030081372,0.4171696433615806,3.375,62208.0,0.9803971069316916,1.0
hybrid_category,2,64,fast_draft,0.7,1.0,1.4623396612499802,43.796769269061635,0.0,0.0,1.4942115622500198,42.86101408123743,0.19879201680672268,0.2144097222222222,1.5,60.5,4.25,0.042598335849988976,1.431255186000211,0.0010161656250353701,1.9020999959984408e-05,0.9999875800585978,0.033364622616797165,0.009045086016665338,0.30046478648099395,0.8452380952380952,1.5,61.25,0.9705167951973032,1.9036574670002335,0.02974464792187865,0.414537278261758,3.375,62208.0,0.978749743883061,1.0
hybrid_category,2,64,slow_draft,1.3,1.0,1.4623396612499802,43.796769269061635,0.0,0.0,1.4959887916249777,42.81021269767408,0.19879201680672268,0.2144097222222222,1.5,60.5,4.25,0.07890102853756852,1.433173849249851,0.0010267391252973823,1.9458124988602776e-05,0.9999875980116248,0.033364622616797165,0.016794394147156267,0.304645086277333,0.8452380952380952,1.5,60.5,0.9479661493647912,1.9424591321499811,0.030350923939843455,0.4278300225829316,3.375,62208.0,0.9776111442432027,1.0
hybrid_category,3,32,balanced,1.0,1.0,0.6046345001250104,53.01912689966665,0.0,0.0,0.6368096143749771,50.326214800679715,0.19879201680672268,0.2144097222222222,1.5,28.5,4.25,0.06058066112497951,0.5752161877500273,0.0004787342498353553,1.8916874991337096e-05,0.9999715678257047,0.07173782835629332,0.012980370996422973,0.12108978196667533,0.8452380952380952,1.5,28.5,0.9060018945270031,0.8085740074624396,0.025267937733201237,0.182877321775651,3.375,62208.0,0.9499115381193433,1.0
hybrid_category,3,32,fast_draft,0.7,1.0,0.6046345001250104,53.01912689966665,0.0,0.0,0.6390170262499844,50.17063624095691,0.19879201680672268,0.2144097222222222,1.5,28.5,4.25,0.04254180376246308,0.5772032758751413,0.0004930733749901606,1.8807125024888904e-05,0.9999707114187255,0.07173782835629332,0.009188989839153797,0.12305447758339186,0.8452380952380952,1.5,29.25,0.9310467839222787,0.7931239795876702,0.024785124362114695,0.1814937612486108,3.375,62208.0,0.9465351784787027,1.0
hybrid_category,3,32,slow_draft,1.3,1.0,0.6046345001250104,53.01912689966665,0.0,0.0,0.6357725676250148,50.42091648519978,0.19879201680672268,0.2144097222222222,1.5,28.5,4.25,0.07855073281247496,0.5743279902498761,0.00047872950008187587,1.8765499999240376e-05,0.9999725499986525,0.07173782835629332,0.016779058062615947,0.120673886878578,0.8452380952380952,1.5,28.5,0.8833483244332778,0.8253892539873459,0.025793414187104558,0.18622696075988643,3.375,62208.0,0.9516781884893831,1.0
hybrid_category,3,64,balanced,1.0,1.0,1.4623396612499802,43.796769269061635,0.0,0.0,1.4938100832500325,42.87113599136484,0.19879201680672268,0.2144097222222222,1.5,60.5,4.25,0.06061081249995581,1.431092870625184,0.0010180989998875845,1.925537502067698e-05,0.9999875752125161,0.033364622616797165,0.012921831221417553,0.30148562657386235,0.8452380952380952,1.5,60.5,0.9590122032817785,1.9214599648251727,0.030022811950393323,0.419818531493093,3.375,62208.0,0.9789688539784658,1.0
hybrid_category,3,64,fast_draft,0.7,1.0,1.4623396612499802,43.796769269061635,0.0,0.0,1.4911614530000001,42.94780488266694,0.19879201680672268,0.2144097222222222,1.5,60.5,4.25,0.042553339062514614,1.4282710877499927,0.001010626625113531,1.957812501096612e-05,0.9999870880096642,0.033364622616797165,0.009031718454172749,0.29909238723927856,0.8452380952380952,1.5,61.25,0.9704691775712802,1.8997315397250625,0.0296833053082041,0.4127350168985986,3.375,62208.0,0.9807424284075433,1.0
hybrid_category,3,64,slow_draft,1.3,1.0,1.4623396612499802,43.796769269061635,0.0,0.0,1.5490862031249932,41.57260010802005,0.19879201680672268,0.2144097222222222,1.5,60.5,4.25,0.08099453667498685,1.484552751124987,0.001075629124912325,1.894800001167596e-05,0.9999881640510204,0.033364622616797165,0.017539243071063877,0.35044177722502023,0.8452380952380952,1.5,60.5,0.9481906193505729,2.011364207587448,0.031427565743553876,0.48812641633884213,3.375,62208.0,0.9496143028796287,1.0
hybrid_category,4,32,balanced,1.0,1.0,0.6046345001250104,53.01912689966665,0.0,0.0,0.6366623227500261,50.338519088307095,0.19879201680672268,0.2144097222222222,1.5,28.5,4.25,0.06042761449998313,0.5752195781249831,0.00047687662505513373,1.863562498360949e-05,0.9999718867444387,0.07173782835629332,0.012898481373802447,0.12078481424881375,0.8452380952380952,1.5,28.5,0.9061741265626793,0.8084243158999653,0.025263259871873917,0.18241272860823182,3.375,62208.0,0.9501642000607234,1.0
hybrid_category,4,32,fast_draft,0.7,1.0,0.6046345001250104,53.01912689966665,0.0,0.0,0.6396402966249854,50.15326048717879,0.19879201680672268,0.2144097222222222,1.5,28.5,4.25,0.04291554172498051,0.577293478375061,0.00048719749999959205,1.9416749993173e-05,0.9999698869762006,0.07173782835629332,0.009260924974991949,0.12278315660002653,0.8452380952380952,1.5,29.25,0.9308435103951629,0.7936133010375521,0.024800415657423504,0.1811346733748253,3.375,62208.0,0.9462835391105952,1.0
hybrid_category,4,32,slow_draft,1.3,1.0,0.6046345001250104,53.01912689966665,0.0,0.0,0.6357857916249969,50.41722119016646,0.19879201680672268,0.2144097222222222,1.5,28.5,4.25,0.07858017895003107,0.5743144892501224,0.00048273375000729146,1.892699997618763e-05,0.9999722503593201,0.07173782835629332,0.016822343828348265,0.12070826577145509,0.8452380952380952,1.5,28.5,0.8832984383101855,0.8254029281751669,0.025793841505473966,0.1863192289672523,3.375,62208.0,0.9516075280413182,1.0
hybrid_category,4,64,balanced,1.0,1.0,1.4623396612499802,43.796769269061635,0.0,0.0,1.4897287135000195,42.99134427650829,0.19879201680672268,0.2144097222222222,1.5,60.5,4.25,0.06036055750006142,1.427268150499943,0.001013572250048611,1.9703125005321454e-05,0.9999872137244773,0.033364622616797165,0.012801970522633406,0.29908396407027654,0.8452380952380952,1.5,60.5,0.9591639616992698,1.9162362554875125,0.029941191491992383,0.4165347909735806,3.375,62208.0,0.9817025848840442,1.0
hybrid_category,4,64,fast_draft,0.7,1.0,1.4623396612499802,43.796769269061635,0.0,0.0,1.4943371458749848,42.853337069534334,0.19879201680672268,0.2144097222222222,1.5,60.5,4.25,0.042421560212478934,1.431606568999765,0.0010244109999302253,1.9989875017500935e-05,0.9999868562088653,0.033364622616797165,0.009043491479158849,0.3017622262047871,0.8452380952380952,1.5,61.25,0.970571047521438,1.9039418531746648,0.029749091455854138,0.4162351300419286,3.375,62208.0,0.9786050296292931,1.0
hybrid_category,4,64,slow_draft,1.3,1.0,1.4623396612499802,43.796769269061635,0.0,0.0,1.4920203541249997,42.92614931384993,0.19879201680672268,0.2144097222222222,1.5,60.5,4.25,0.08044560468749183,1.4280341392502578,0.0010136240000342411,1.8942750024564248e-05,0.9999879052436558,0.033364622616797165,0.016973056514754732,0.29918981682865203,0.8452380952380952,1.5,60.5,0.9471125448273195,1.9373162723378679,0.030270566755279185,0.4209109700288882,3.375,62208.0,0.9802614519525674,1.0
hybrid_category,6,32,balanced,1.0,1.0,0.6046345001250104,53.01912689966665,0.0,0.0,0.6358002293750014,50.40909004189019,0.19879201680672268,0.2144097222222222,1.5,28.5,4.25,0.06049249987500627,0.5742872342500567,0.0004826293750692656,1.8640749988918515e-05,0.9999718892749211,0.07173782835629332,0.012933968595239055,0.12059889209644216,0.8452380952380952,1.5,28.5,0.9061167061234766,0.8072794609750955,0.025227483155471735,0.1821672982483685,3.375,62208.0,0.9515227894017158,1.0
hybrid_category,6,32,fast_draft,0.7,1.0,0.6046345001250104,53.01912689966665,0.0,0.0,0.6692097136249893,48.404036809780955,0.19879201680672268,0.2144097222222222,1.5,28.5,4.25,0.043222050374990315,0.6064031673749888,0.0004990156250022082,1.937512502347971e-05,0.9999708386345065,0.07173782835629332,0.009445549788328643,0.12317846323929496,0.8452380952380952,1.5,29.25,0.9315800096242285,0.8317670868500024,0.025992721464062576,0.1830811056175706,3.375,62208.0,0.9133859713154823,1.0
hybrid_category,6,32,slow_draft,1.3,1.0,0.6046345001250104,53.01912689966665,0.0,0.0,0.6343154896250249,50.53275162771635,0.19879201680672268,0.2144097222222222,1.5,28.5,4.25,0.0785195869250253,0.5728986723750555,0.00047675487493492597,1.8771125014360734e-05,0.9999725013867238,0.07173782835629332,0.016742607175359067,0.11994732799050975,0.8452380952380952,1.5,28.5,0.8830564320935739,0.8234992112000873,0.025734350350002728,0.18524575344550323,3.375,62208.0,0.9538718536624572,1.0
hybrid_category,6,64,balanced,1.0,1.0,1.4623396612499802,43.796769269061635,0.0,0.0,1.4985305052500326,42.734605368066305,0.19879201680672268,0.2144097222222222,1.5,60.5,4.25,0.06055733312500422,1.4358564120000423,0.0010190936249827587,1.935912501416226e-05,0.9999875066182021,0.033364622616797165,0.01282329392261997,0.3061631128798056,0.8452380952380952,1.5,60.5,0.9591904060693176,1.927599601212568,0.030118743768946375,0.425790063960639,3.375,62208.0,0.9759251551199469,1.0
hybrid_category,6,64,fast_draft,0.7,1.0,1.4623396612499802,43.796769269061635,0.0,0.0,1.491310666749989,42.94459726658866,0.19879201680672268,0.2144097222222222,1.5,60.5,4.25,0.04231551782502443,1.4287598715001195,0.0010106083750205386,1.9755625043416103e-05,0.9999870621685716,0.033364622616797165,0.009004069732508928,0.2991868586012114,0.8452380952380952,1.5,61.25,0.9706574668880436,1.9001293253127358,0.029689520708011497,0.4128216287550298,3.375,62208.0,0.9806695274975794,1.0
hybrid_category,6,64,slow_draft,1.3,1.0,1.4623396612499802,43.796769269061635,0.0,0.0,1.5242886612500008,42.15701767233996,0.19879201680672268,0.2144097222222222,1.5,60.5,4.25,0.09123414186248767,1.451962531374857,0.0010386356247948925,1.98020000468091e-05,0.9999879070300466,0.033364622616797165,0.018448592752260323,0.30219697692973024,0.8452380952380952,1.5,60.5,0.9438190943285447,1.9792226690997712,0.030925354204683925,0.4263286738976163,3.375,62208.0,0.9626831277060683,1.0
hybrid_only,2,32,balanced,1.0,1.0,0.6046345001250104,53.01912689966665,0.0,0.0,0.6351533907500091,50.531049693319225,0.246875,0.246875,2.0,27.625,3.375,0.056986926875000066,0.5771227456251111,0.00047930237491611294,2.8687624946233115e-05,0.9999572281721845,0.08189655172413793,0.01049958814166742,0.06403899238336047,0.5416666666666666,2.0,27.75,0.9117586213678545,0.8074697735250518,0.025233430422657868,0.10603104404678905,2.0,36864.0,0.9529752549092634,1.0
hybrid_only,2,32,fast_draft,0.7,1.0,0.6046345001250104,53.01912689966665,0.0,0.0,0.645506109624989,49.883891547855576,0.246875,0.246875,2.0,27.625,3.375,0.0398587983499773,0.5874920882499028,0.0004977972500368466,2.7880000036839547e-05,0.9999579671060053,0.08189655172413793,0.007345980080830314,0.06794466195415064,0.5416666666666666,2.0,30.375,0.9372242986593132,0.8038282999749062,0.02511963437421582,0.10777474713813451,2.0,36864.0,0.9398576697015478,1.0
hybrid_only,2,32,slow_draft,1.3,1.0,0.6046345001250104,53.01912689966665,0.0,0.0,0.6319950727499837,50.73992335097276,0.246875,0.246875,2.0,27.625,3.375,0.07267090041248309,0.5750689421250188,0.0004734173750202686,2.6760625003063865e-05,0.9999610267450822,0.08189655172413793,0.013208164282078211,0.06316188958750044,0.5416666666666666,2.0,27.625,0.890890592930094,0.8204793288125191,0.02563997902539122,0.1076976966236463,2.0,36864.0,0.9575635048043775,1.0
hybrid_only,2,64,balanced,1.0,1.0,1.4623396612499802,43.796769269061635,0.0,0.0,1.485064031250003,43.131589866415894,0.246875,0.246875,2.0,59.625,3.375,0.055855390875052535,1.4270973180000404,0.0010084439999857864,2.8250249984651532e-05,0.9999818067482478,0.0389344262295082,0.010113539145842173,0.1588463431124995,0.5416666666666666,2.0,59.625,0.9621159437416833,1.9115163571500826,0.02986744308047004,0.23144368074816998,2.0,36864.0,0.9848099051006485,1.0
hybrid_only,2,64,fast_draft,0.7,1.0,1.4623396612499802,43.796769269061635,0.0,0.0,1.4940232032499834,42.87030387358381,0.246875,0.246875,2.0,59.625,3.375,0.0391740234374823,1.435937565624826,0.0010157130000916226,2.7541249962403924e-05,0.9999821659266265,0.0389344262295082,0.007103803694165232,0.1604991212583194,0.5416666666666666,2.0,62.5,0.9729610128240905,1.9063294393247516,0.029786397489449244,0.23060462174506502,2.0,36864.0,0.9788879602478038,1.0
hybrid_only,2,64,slow_draft,1.3,1.0,1.4623396612499802,43.796769269061635,0.0,0.0,1.4929621303749947,42.90501860763737,0.246875,0.246875,2.0,59.625,3.375,0.07364085657498318,1.434182308750053,0.0010201983751745303,2.84634999658806e-05,0.9999820609844714,0.0389344262295082,0.013467750903746746,0.16092971977500525,0.5416666666666666,2.0,59.625,0.9513735190177534,1.9385172471500844,0.03028933198672007,0.23756898310368899,2.0,36864.0,0.9796816385884339,1.0
hybrid_only,3,32,balanced,1.0,1.0,0.6046345001250104,53.01912689966665,0.0,0.0,0.6376468436249785,50.27793690385433,0.20833333333333334,0.20833333333333331,1.625,28.375,4.0,0.059054656375001624,0.5775754898750245,0.00047652562506694807,2.0781124979940557e-05,0.9999684682352287,0.07250753278979086,0.012417045224995489,0.1222451785380897,0.7642857142857142,1.625,28.375,0.907666955945044,0.8101162627000382,0.025316133209376195,0.1839128501058838,3.0,55296.0,0.9494377603246321,1.0
hybrid_only,3,32,fast_draft,0.7,1.0,0.6046345001250104,53.01912689966665,0.0,0.0,0.6407912811250045,50.08544342587777,0.20833333333333334,0.20833333333333331,1.625,28.375,4.0,0.04111717566250408,0.581024916500098,0.0004872292500592845,2.0198124973447307e-05,0.9999681171592183,0.07250753278979086,0.008933207819168839,0.12861628965359959,0.7642857142857142,1.625,28.375,0.9328722068889226,0.796666676750126,0.02489583364844144,0.18846085166363719,3.0,55296.0,0.9446817378284931,1.0
hybrid_only,3,32,slow_draft,1.3,1.0,0.6046345001250104,53.01912689966665,0.0,0.0,0.6350906094999926,50.52240473540433,0.20833333333333334,0.20833333333333331,1.625,28.375,4.0,0.07608050953751419,0.5755392439999456,0.00048430387509768025,2.056787499871149e-05,0.9999697017139514,0.07250753278979086,0.015946070265367054,0.1218364232547668,0.7642857142857142,1.625,28.375,0.8856171794313684,0.8244978729499812,0.025765558529686913,0.18692515919446423,3.0,55296.0,0.9538424919506839,1.0
hybrid_only,3,64,balanced,1.0,1.0,1.4623396612499802,43.796769269061635,0.0,0.0,1.4876340674999877,43.061941183163974,0.20833333333333334,0.20833333333333331,1.625,60.375,4.0,0.05843828125001593,1.4271098141250516,0.0010024284999143873,2.044787499677625e-05,0.9999866304798748,0.03353538764411957,0.012259508711907804,0.29978496496314144,0.7642857142857142,1.625,60.375,0.9603327908615313,1.9141045036750453,0.029907882869922582,0.4169152604870434,3.0,55296.0,0.9831746815815992,1.0
hybrid_only,3,64,fast_draft,0.7,1.0,1.4623396612499802,43.796769269061635,0.0,0.0,1.4891670207499832,43.01117645498498,0.20833333333333334,0.20833333333333331,1.625,60.375,4.0,0.040948359462501034,1.428576296000161,0.0010087797499060969,2.136987500023224e-05,0.9999858392654521,0.03353538764411957,0.008548003605831755,0.2996586931940793,0.7642857142857142,1.625,60.375,0.9715630852681566,1.898524563025173,0.02966444629726833,0.41298850645625296,3.0,55296.0,0.9820730034670607,1.0
hybrid_only,3,64,slow_draft,1.3,1.0,1.4623396612499802,43.796769269061635,0.0,0.0,1.4970060207499927,42.801200575656715,0.20833333333333334,0.20833333333333331,1.625,60.375,4.0,0.07560250197498383,1.4367062765000504,0.0010318232502228852,2.28958749843855e-05,0.9999852676306263,0.03353538764411957,0.01587809500333571,0.3104406629952648,0.7642857142857142,1.625,60.375,0.9498489133014015,1.9437585761876215,0.030371227752931586,0.43443888588402624,3.0,55296.0,0.9772670321800391,1.0
hybrid_only,4,32,balanced,1.0,1.0,0.6046345001250104,53.01912689966665,0.0,0.0,0.6424212603750106,49.8602704883904,0.18489583333333334,0.18489583333333334,1.625,28.375,5.0,0.06853828612499013,0.5728709423750051,0.00047742250004567666,1.9135374958345608e-05,0.9999705705960336,0.07376528684926904,0.013889180391663291,0.12054770152498846,0.919047619047619,1.625,28.375,0.8938240969696638,0.8134825291249693,0.02542132903515529,0.1832646270556776,4.0,73728.0,0.9414476287463805,1.0
hybrid_only,4,32,fast_draft,0.7,1.0,0.6046345001250104,53.01912689966665,0.0,0.0,0.6412111613750122,49.99160881213577,0.18489583333333334,0.18489583333333334,1.625,28.375,5.0,0.048315053762510926,0.5711636153750475,0.00048100000003414856,1.9374875003252967e-05,0.9999690635599302,0.07376528684926904,0.009816877765002754,0.12090516417502037,0.919047619047619,1.625,28.375,0.9217709476069856,0.7910414661125899,0.024720045816018433,0.17932893067209738,4.0,73728.0,0.9436557007878625,1.0
hybrid_only,4,32,slow_draft,1.3,1.0,0.6046345001250104,53.01912689966665,0.0,0.0,0.6412271980000366,49.97199786779887,0.18489583333333334,0.18489583333333334,1.625,28.375,5.0,0.08911441126250744,0.5716733117500805,0.0004745673749440016,1.904187500390009e-05,0.9999717841103558,0.07376528684926904,0.018004284894760844,0.11958187327739947,0.919047619047619,1.625,28.375,0.8677959064259801,0.832500489550094,0.02601564029844044,0.18627868035347375,4.0,73728.0,0.9434739170746855,1.0
hybrid_only,4,64,balanced,1.0,1.0,1.4623396612499802,43.796769269061635,0.0,0.0,1.493464614499997,42.877176326981505,0.18489583333333334,0.18489583333333334,1.625,60.375,5.0,0.0682439011249798,1.4231324917499677,0.0010039896250990665,1.927075002328138e-05,0.9999872261857305,0.03381109520326832,0.013749333020237283,0.297864097089312,0.919047619047619,1.625,60.375,0.9538327980456025,1.9187389340750032,0.029980295844921925,0.4160030185835018,4.0,73728.0,0.9791361999437098,1.0
hybrid_only,4,64,fast_draft,0.7,1.0,1.4623396612499802,43.796769269061635,0.0,0.0,1.4946440366250062,42.83977356468752,0.18489583333333334,0.18489583333333334,1.625,60.375,5.0,0.04808980688749163,1.4238628347500057,0.001007818625085477,1.9380125005241666e-05,0.999986923858706,0.03381109520326832,0.009747724079996339,0.3004619019714262,0.919047619047619,1.625,60.375,0.9666596545137695,1.8995359376500391,0.02968024902578186,0.4152520572197748,4.0,73728.0,0.9783246767944568,1.0
hybrid_only,4,64,slow_draft,1.3,1.0,1.4623396612499802,43.796769269061635,0.0,0.0,1.6143386560000188,40.51063249459138,0.18489583333333334,0.18489583333333334,1.625,60.375,5.0,0.10342050452505164,1.5325240731251455,0.0010846358748501927,2.297425001174247e-05,0.999986742496465,0.03381109520326832,0.020106738999301023,0.32948330034886525,0.919047619047619,1.625,60.375,0.9412343699004821,2.096160925612694,0.03275251446269834,0.46353789387151056,4.0,73728.0,0.9254630572772473,1.0
hybrid_only,6,32,balanced,1.0,1.0,0.6046345001250104,53.01912689966665,0.0,0.0,0.6620625989999853,48.40758188894041,0.1527777777777778,0.1527777777777778,1.5,28.5,7.0,0.08898940112499787,0.572067735874981,0.0004797451250375673,1.5713499998071256e-05,0.9999763636297048,0.0751114406954229,0.018472561045234537,0.12045022784287517,1.3714285714285714,1.5,28.5,0.865714119395167,0.8328866406624862,0.026027707520702693,0.18807676590856462,6.0,110592.0,0.9137864635164606,1.0
hybrid_only,6,32,fast_draft,0.7,1.0,0.6046345001250104,53.01912689966665,0.0,0.0,0.6658287605000002,48.20585752593175,0.1527777777777778,0.1527777777777778,1.5,28.5,7.0,0.062381604687507815,0.5756822194999409,0.0004904825000751067,1.718787501348018e-05,0.9999733459905428,0.0751114406954229,0.01297687849583376,0.12027058500118606,1.3714285714285714,1.5,28.5,0.9013262346698835,0.810983589699976,0.02534323717812425,0.18215870729730488,6.0,110592.0,0.9097330149662265,1.0
hybrid_only,6,32,slow_draft,1.3,1.0,0.6046345001250104,53.01912689966665,0.0,0.0,0.6561159792499911,48.85083323115405,0.1527777777777778,0.1527777777777778,1.5,28.5,7.0,0.11535128166251153,0.566380473500149,0.00047533912503361364,1.5646000012026207e-05,0.9999772364114187,0.0751114406954229,0.023881816958697826,0.11822890142739499,1.3714285714285714,1.5,28.5,0.8331454156082304,0.851853243462732,0.026620413858210373,0.1907422888638755,6.0,110592.0,0.9222662873124552,1.0
hybrid_only,6,64,balanced,1.0,1.0,1.4623396612499802,43.796769269061635,0.0,0.0,1.510735468874982,42.39441266665928,0.1527777777777778,0.1527777777777778,1.5,60.5,7.0,0.0887216613750006,1.4199355055000957,0.0010067038749088653,1.634362502933584e-05,0.9999892161570214,0.03407576549969905,0.018325045491667122,0.2971981655571648,1.3714285714285714,1.5,60.5,0.9408632086922551,1.9350584780626208,0.03023528871972845,0.41983336720459197,6.0,110592.0,0.9679949696676369,1.0
hybrid_only,6,64,fast_draft,0.7,1.0,1.4623396612499802,43.796769269061635,0.0,0.0,1.5296522028749937,41.87742720678681,0.1527777777777778,0.1527777777777778,1.5,60.5,7.0,0.06240798576253538,1.4383646373750434,0.0010371807499929275,1.5521000047868938e-05,0.9999896307198312,0.03407576549969905,0.012914526382506985,0.31183712428572086,1.3714285714285714,1.5,60.5,0.9576165006016201,1.9327139597501417,0.030198655621095964,0.4333807717401722,6.0,110592.0,0.9562756477055134,1.0
hybrid_only,6,64,slow_draft,1.3,1.0,1.4623396612499802,43.796769269061635,0.0,0.0,1.5223330676250093,42.078190785318455,0.1527777777777778,0.1527777777777778,1.5,60.5,7.0,0.11690036718754584,1.430317198125035,0.0010187390003046914,1.5776124989486107e-05,0.9999898618475621,0.03407576549969905,0.024003195241092505,0.2996993963655011,1.3714285714285714,1.5,60.5,0.924890315267666,1.9767375740877018,0.03088652459512034,0.4289283675648211,6.0,110592.0,0.9608497509539334,1.0
